{
  "$schema": "https://ui.shadcn.com/schema.json",
  "style": "new-york",
  "rsc": true,
  "tsx": true,
  "tailwind": {
    "config": "",
    "css": "../../packages/ui/src/styles/globals.css",
    "baseColor": "neutral",
    "cssVariables": true
  },
  "iconLibrary": "lucide",
  "aliases": {
    "components": "@/components",
    "utils": "@workspace/ui/lib/utils",
    "ui": "@workspace/ui/components",
    "lib": "@/lib",
    "hooks": "@/hooks"
  },
  "registries": {
    "@magicui": "https://magicui.design/r/{name}.json"
  }
}
